e99236vr,0,0,0,['No submission was found under the prog1_rugby tag for the rugby task\n']
e99236vr,0,0,0,['No submission was found under the prog1_rugby tag for the rugby task\n']
e99236vr,0,0,0,['No submission was found under the prog1_rugby tag for the rugby task\n']
e99236vr,0,0,0,['No submission was found under the prog1_rugby tag for the rugby task\n']
e99236vr,0,0,0,['No submission was found under the prog1_rugby tag for the rugby task\n']
e99236vr,0,0,0,['No submission was found under the prog1_rugby tag for the rugby task\n']
e99236vr,0,0,0,['No submission was found under the prog1_rugby tag for the rugby task\n']
e99236vr,0,0,0,['No submission was found under the prog1_rugby tag for the rugby task\n']
e99236vr,0,0,0,['No submission was found under the prog1_rugby tag for the rugby task\n']
