h19953mb,0,0,0,['No submission was found under the prog1_rugby tag for the rugby task\n']
h19953mb,0,0,0,['No submission was found under the prog1_rugby tag for the rugby task\n']
h19953mb,0,0,0,['No submission was found under the prog1_rugby tag for the rugby task\n']
h19953mb,0,0,0,['No submission was found under the prog1_rugby tag for the rugby task\n']
h19953mb,0,0,0,['No submission was found under the prog1_rugby tag for the rugby task\n']
h19953mb,0,0,0,['No submission was found under the prog1_rugby tag for the rugby task\n']
h19953mb,0,0,0,['No submission was found under the prog1_rugby tag for the rugby task\n']
h19953mb,0,0,0,['No submission was found under the prog1_rugby tag for the rugby task\n']
h19953mb,0,0,0,['No submission was found under the prog1_rugby tag for the rugby task\n']
