n91491mh,0,0,0,['No submission was found under the prog1_rugby tag for the rugby task\n']
n91491mh,0,0,0,['No submission was found under the prog1_rugby tag for the rugby task\n']
n91491mh,0,0,0,['No submission was found under the prog1_rugby tag for the rugby task\n']
n91491mh,0,0,0,['No submission was found under the prog1_rugby tag for the rugby task\n']
n91491mh,0,0,0,['No submission was found under the prog1_rugby tag for the rugby task\n']
n91491mh,0,0,0,['No submission was found under the prog1_rugby tag for the rugby task\n']
n91491mh,0,0,0,['No submission was found under the prog1_rugby tag for the rugby task\n']
n91491mh,0,0,0,['No submission was found under the prog1_rugby tag for the rugby task\n']
n91491mh,0,0,0,['No submission was found under the prog1_rugby tag for the rugby task\n']
