g45512id,0,0,0,['No submission was found under the prog1_rugby tag for the rugby task\n']
g45512id,0,0,0,['No submission was found under the prog1_rugby tag for the rugby task\n']
g45512id,0,0,0,['No submission was found under the prog1_rugby tag for the rugby task\n']
g45512id,0,0,0,['No submission was found under the prog1_rugby tag for the rugby task\n']
g45512id,0,0,0,['No submission was found under the prog1_rugby tag for the rugby task\n']
g45512id,0,0,0,['No submission was found under the prog1_rugby tag for the rugby task\n']
g45512id,0,0,0,['No submission was found under the prog1_rugby tag for the rugby task\n']
g45512id,0,0,0,['No submission was found under the prog1_rugby tag for the rugby task\n']
g45512id,0,0,0,['No submission was found under the prog1_rugby tag for the rugby task\n']
