Student_number,file_1_mark,file_2_mark,file_3_mark,Feedback
a07230cc,1,1,1,
a08872aa,1,1,1,
a11694mc,0,0,0,"No submission was found under the prog1_rugby tag for the rugby task
"
a24872zh,1,1,1,
a38752yw,0,0,0,No files were created within the results folder. (This does not mean files were not created elsewhere)
a43986rb,0,0,0,"No submission was found under the prog1_rugby tag for the rugby task
"
a60628wl,0,0,0,"Output files were found however no output file was found for test_file 1 with the correct name format
 Output files were found however no output file was found for test_file 2 with the correct name format
 Output files were found however no output file was found for test_file 3 with the correct name format
"
a63140nd,0,0,0,No files were created within the results folder. (This does not mean files were not created elsewhere)
a65914zc,1,1,1,
a81060bs,0,0,0,No files were created within the results folder. (This does not mean files were not created elsewhere)
a86442gs,0,0,0,"Output files were found however no output file was found for test_file 1 with the correct name format
 Output files were found however no output file was found for test_file 2 with the correct name format
 Output files were found however no output file was found for test_file 3 with the correct name format
"
a98056wl,1,1,1,
a98714zk,1,1,1,
b03791zc,0,0,0,No files were created within the results folder. (This does not mean files were not created elsewhere)
b05899em,0,0,0,No files were created within the results folder. (This does not mean files were not created elsewhere)
b11903lm,0,0,0,"No submission was found under the prog1_rugby tag for the rugby task
"
b12745nd,1,1,1,
b16225mz,1,1,1,
b26193dm,1,1,1,
b39141od,1,1,1,
b42667ni,0,0,0,"No submission was found under the prog1_rugby tag for the rugby task
"
b48871sa,0,0,0,"No submission was found under the prog1_rugby tag for the rugby task
"
b63095jv,1,1,1,
b64065ab,1,1,1,
b69141na,1,1,1,
b78373dm,1,1,1,
b87145mt,1,1,1,
b88575jh,1,0,0,"Score output for test_file 2 was incorrect
 Score output for test_file 3 was incorrect
"
b88861sh,0,0,0,No files were created within the results folder. (This does not mean files were not created elsewhere)
b89545ss,0,0,0,No files were created within the results folder. (This does not mean files were not created elsewhere)
b91517ea,1,1,1,
b95211hc,0,0,0,No files were created within the results folder. (This does not mean files were not created elsewhere)
b98919gs,1,1,1,
c00182zl,0,0,0,"No submission was found under the prog1_rugby tag for the rugby task
"
c01724bh,1,1,1,
c20818hb,0,0,0,"No submission was found under the prog1_rugby tag for the rugby task
"
c28644ab,0,0,0,"No submission was found under the prog1_rugby tag for the rugby task
"
c29038sx,1,1,1,
c29824zl,1,1,1,
c38534kt,0,0,0,No files were created within the results folder. (This does not mean files were not created elsewhere)
c42786tc,0,0,0,"No submission was found under the prog1_rugby tag for the rugby task
"
c43480ct,1,1,1,
c48306ah,1,1,1,
c60952ti,1,1,1,
c62354yt,1,1,1,
c70846fu,0,0,0,"No submission was found under the prog1_rugby tag for the rugby task
"
c74752hz,1,1,1,
c81776oa,1,1,1,
c87452cd,0,0,0,"No submission was found under the prog1_rugby tag for the rugby task
"
c93472yk,1,1,1,
d00499dm,0,0,0,No files were created within the results folder. (This does not mean files were not created elsewhere)
d02513ms,1,1,1,
d03211aa,1,1,1,
d03963st,1,1,1,
d05847mk,0,0,0,No files were created within the results folder. (This does not mean files were not created elsewhere)
d07769jy,1,1,1,
d20477sn,0,0,0,"No submission was found under the prog1_rugby tag for the rugby task
"
d30839jl,0,0,0,"No submission was found under the prog1_rugby tag for the rugby task
"
d42941ph,0,0,0,"No submission was found under the prog1_rugby tag for the rugby task
"
d47007el,1,1,1,
d50341jc,1,1,1,
d52553je,1,1,1,
d62825cd,0,0,0,No files were created within the results folder. (This does not mean files were not created elsewhere)
d66835dg,1,1,1,
d71343si,0,0,0,"No submission was found under the prog1_rugby tag for the rugby task
"
d72499pd,1,1,1,
d88719ry,0,0,0,"No submission was found under the prog1_rugby tag for the rugby task
"
d95341zw,0,0,0,No files were created within the results folder. (This does not mean files were not created elsewhere)
e00336tj,0,0,0,No files were created within the results folder. (This does not mean files were not created elsewhere)
e11226oc,1,1,1,
e17646fa,1,1,1,
e18770as,1,1,1,
e22628ak,1,1,1,
e23170zl,0,0,0,"No submission was found under the prog1_rugby tag for the rugby task
"
e31258zw,1,1,1,
e35918rs,1,1,1,
e37076ka,1,1,1,
e40494op,1,1,1,
e40896us,0,0,0,No files were created within the results folder. (This does not mean files were not created elsewhere)
e41002vg,0,0,0,No files were created within the results folder. (This does not mean files were not created elsewhere)
e41206gs,1,1,1,
e54842zt,1,1,1,
e55646sa,0,0,0,No files were created within the results folder. (This does not mean files were not created elsewhere)
e58068tt,0,0,0,"No submission was found under the prog1_rugby tag for the rugby task
"
e58690mu,1,1,1,
e58876ch,1,1,1,
e64848xf,0,0,0,"No submission was found under the prog1_rugby tag for the rugby task
"
e71568qh,0,0,0,"No submission was found under the prog1_rugby tag for the rugby task
"
e78508hb,1,1,1,
e80626nm,0,0,0,"Output files were found however no output file was found for test_file 1 with the correct name format
 Output files were found however no output file was found for test_file 2 with the correct name format
 Output files were found however no output file was found for test_file 3 with the correct name format
"
e86238yj,0,0,0,No files were created within the results folder. (This does not mean files were not created elsewhere)
e86816fd,0,0,0,No files were created within the results folder. (This does not mean files were not created elsewhere)
e88144wm,1,1,1,
e99236vr,0,0,0,"No submission was found under the prog1_rugby tag for the rugby task
"
f01643ka,1,1,1,
f05815rb,1,1,1,
f06903rd,1,1,1,
f11711jy,0,0,0,No files were created within the results folder. (This does not mean files were not created elsewhere)
f13855hl,0,0,0,"No submission was found under the prog1_rugby tag for the rugby task
"
f15107sn,0,0,0,No files were created within the results folder. (This does not mean files were not created elsewhere)
f18903ls,1,1,1,
f21939kg,1,1,1,
f25035sb,0,0,0,"No submission was found under the prog1_rugby tag for the rugby task
"
f33805pg,0,0,0,"No submission was found under the prog1_rugby tag for the rugby task
"
f37609ak,1,1,1,
f38903hq,0,0,0,No files were created within the results folder. (This does not mean files were not created elsewhere)
f49277np,0,0,0,No files were created within the results folder. (This does not mean files were not created elsewhere)
f53919qy,0,0,0,No files were created within the results folder. (This does not mean files were not created elsewhere)
f54617sa,0,0,0,"No submission was found under the prog1_rugby tag for the rugby task
"
f57695ks,1,1,1,
f60163yw,0,0,0,No files were created within the results folder. (This does not mean files were not created elsewhere)
f63279ma,1,1,1,
f66089ms,0,0,0,"Score output for test_file 1 was incorrect
 Score output for test_file 2 was incorrect
 Score output for test_file 3 was incorrect
"
f77541nz,1,1,1,
f85709jw,1,1,1,
f92301jb,1,1,1,
f93937xl,1,1,1,
f98689dr,1,1,1,
g15612dj,0,0,0,"Output files were found however no output file was found for test_file 1 with the correct name format
 Output files were found however no output file was found for test_file 2 with the correct name format
 Output files were found however no output file was found for test_file 3 with the correct name format
"
g21434rb,1,1,1,
g21898tg,0,0,0,"Output files were found however no output file was found for test_file 1 with the correct name format
 Output files were found however no output file was found for test_file 2 with the correct name format
 Output files were found however no output file was found for test_file 3 with the correct name format
"
g28708at,0,0,0,No files were created within the results folder. (This does not mean files were not created elsewhere)
g33966si,1,1,1,
g39786dp,1,1,1,
g45512id,0,0,0,"No submission was found under the prog1_rugby tag for the rugby task
"
g58440zy,1,1,1,
g60486zz,1,1,1,
g62512ww,1,1,1,
g62520js,1,1,1,
g70580jh,0,0,0,"No submission was found under the prog1_rugby tag for the rugby task
"
g71830mc,0,0,0,"Output files were found however no output file was found for test_file 1 with the correct name format
 Output files were found however no output file was found for test_file 2 with the correct name format
 Output files were found however no output file was found for test_file 3 with the correct name format
"
g75342ms,0,0,0,"No submission was found under the prog1_rugby tag for the rugby task
"
g75462fw,1,1,1,
g77134dr,0,0,0,No files were created within the results folder. (This does not mean files were not created elsewhere)
g78196wl,0,0,0,No files were created within the results folder. (This does not mean files were not created elsewhere)
g78896na,0,0,0,No files were created within the results folder. (This does not mean files were not created elsewhere)
g86908rc,0,0,0,"No submission was found under the prog1_rugby tag for the rugby task
"
g91274qw,1,0,1,"Score output for test_file 2 was incorrect
"
g92198jz,0,0,0,No files were created within the results folder. (This does not mean files were not created elsewhere)
h00203pb,0,0,0,"No submission was found under the prog1_rugby tag for the rugby task
"
h01895cg,1,1,1,
h04151jk,0,0,0,No files were created within the results folder. (This does not mean files were not created elsewhere)
h06023jc,1,1,1,
h06559hi,0,0,0,"No submission was found under the prog1_rugby tag for the rugby task
"
h08963ob,1,1,1,
h10505jd,1,1,1,
h13549so,0,0,0,"Score output for test_file 1 was incorrect
 Score output for test_file 2 was incorrect
 Score output for test_file 3 was incorrect
"
h15879ac,0,0,0,"Output files were found however no output file was found for test_file 1 with the correct name format
 Output files were found however no output file was found for test_file 2 with the correct name format
 Output files were found however no output file was found for test_file 3 with the correct name format
"
h18603tp,0,0,0,"Output files were found however no output file was found for test_file 1 with the correct name format
 Output files were found however no output file was found for test_file 2 with the correct name format
 Output files were found however no output file was found for test_file 3 with the correct name format
"
h18609dp,0,0,0,"No submission was found under the prog1_rugby tag for the rugby task
"
h19243yp,0,0,0,"No submission was found under the prog1_rugby tag for the rugby task
"
h19953mb,0,0,0,"No submission was found under the prog1_rugby tag for the rugby task
"
h20233aa,0,0,0,"No submission was found under the prog1_rugby tag for the rugby task
"
h25471ds,1,1,1,
h26115aa,0,0,0,"No submission was found under the prog1_rugby tag for the rugby task
"
h32647nh,1,1,1,
h34091sm,0,0,0,"Output files were found however no output file was found for test_file 1 with the correct name format
 Output files were found however no output file was found for test_file 2 with the correct name format
 Output files were found however no output file was found for test_file 3 with the correct name format
"
h37701dk,1,1,1,
h39449sy,0,0,0,"No submission was found under the prog1_rugby tag for the rugby task
"
h45007bk,1,1,1,
h48741ew,0,0,0,"No submission was found under the prog1_rugby tag for the rugby task
"
h49151gd,1,0,1,"Score output for test_file 2 was incorrect
"
h50141yq,0,0,0,No files were created within the results folder. (This does not mean files were not created elsewhere)
h52171rh,1,1,1,
h54023kc,1,1,1,
h56505hm,0,0,0,"No submission was found under the prog1_rugby tag for the rugby task
"
h59035dd,1,1,1,
h60953dl,1,1,1,
h61781jp,0,0,0,No files were created within the results folder. (This does not mean files were not created elsewhere)
h63651bn,1,1,1,
h64203za,0,0,0,"No submission was found under the prog1_rugby tag for the rugby task
"
h64411rs,1,1,1,
h70565na,0,0,0,"No submission was found under the prog1_rugby tag for the rugby task
"
h72507by,0,0,0,No files were created within the results folder. (This does not mean files were not created elsewhere)
h76117sv,1,1,1,
h78811cv,1,1,1,
h85345ww,0,0,0,No files were created within the results folder. (This does not mean files were not created elsewhere)
h86959th,1,1,1,
h89565jc,1,1,1,
h96407tf,1,1,1,
j06597jr,0,0,0,"No submission was found under the prog1_rugby tag for the rugby task
"
j06724tc,1,1,1,
j08328hd,1,1,1,
j09180ga,1,1,1,
j11865sr,1,1,1,
j13280mh,0,0,0,"No submission was found under the prog1_rugby tag for the rugby task
"
j13667wl,0,0,0,"No submission was found under the prog1_rugby tag for the rugby task
"
j13909ht,0,0,0,"No submission was found under the prog1_rugby tag for the rugby task
"
j14088na,1,1,1,
j14769hd,1,1,1,
j16919mb,1,1,1,
j17768ms,0,0,0,No files were created within the results folder. (This does not mean files were not created elsewhere)
j20384jz,0,0,0,"No submission was found under the prog1_rugby tag for the rugby task
"
j23676kd,1,1,1,
j24834et,1,1,1,
j29115zl,0,0,0,No files were created within the results folder. (This does not mean files were not created elsewhere)
j29403qy,0,0,0,"Output files were found however no output file was found for test_file 1 with the correct name format
 Output files were found however no output file was found for test_file 2 with the correct name format
 Output files were found however no output file was found for test_file 3 with the correct name format
"
j29815fa,1,1,1,
j33990dk,0,0,0,No files were created within the results folder. (This does not mean files were not created elsewhere)
j34330vk,1,1,1,
j36001zl,1,1,1,
j39317jj,0,0,0,"No submission was found under the prog1_rugby tag for the rugby task
"
j45220sl,0,0,0,No files were created within the results folder. (This does not mean files were not created elsewhere)
j48751oa,0,0,0,"No submission was found under the prog1_rugby tag for the rugby task
"
j49970fa,1,1,1,
j52026pk,0,0,0,"No submission was found under the prog1_rugby tag for the rugby task
"
j54137ss,1,1,1,
j56995jg,1,1,1,
j59004hl,1,1,1,
j72446cx,1,1,1,
j73849yh,1,1,1,
j78134fm,1,1,1,
j79871am,0,0,0,No files were created within the results folder. (This does not mean files were not created elsewhere)
j80560hh,0,0,0,"Output files were found however no output file was found for test_file 1 with the correct name format
 Output files were found however no output file was found for test_file 2 with the correct name format
 Output files were found however no output file was found for test_file 3 with the correct name format
"
j80841pg,1,1,1,
j81034dp,1,1,1,
j81448im,0,0,0,"No submission was found under the prog1_rugby tag for the rugby task
"
j86153jd,0,0,0,"No submission was found under the prog1_rugby tag for the rugby task
"
j90095jb,0,0,0,No files were created within the results folder. (This does not mean files were not created elsewhere)
j90992mm,0,0,0,No files were created within the results folder. (This does not mean files were not created elsewhere)
j91917bs,1,1,1,
j94115rh,0,0,0,"No submission was found under the prog1_rugby tag for the rugby task
"
j94732av,0,0,0,"No submission was found under the prog1_rugby tag for the rugby task
"
j95271zf,1,1,1,
j96158ap,0,0,0,"Score output for test_file 1 was incorrect
 Score output for test_file 2 was incorrect
 Score output for test_file 3 was incorrect
"
j96409sb,1,1,1,
j98107zw,0,0,0,No files were created within the results folder. (This does not mean files were not created elsewhere)
j98415kf,0,0,0,"No submission was found under the prog1_rugby tag for the rugby task
"
k01756ws,1,1,1,
k14454hd,1,1,1,
k20826aj,0,0,0,"No submission was found under the prog1_rugby tag for the rugby task
"
k23074jh,0,0,0,"No submission was found under the prog1_rugby tag for the rugby task
"
k25612yz,0,0,0,"No submission was found under the prog1_rugby tag for the rugby task
"
k38730rs,0,0,0,"No submission was found under the prog1_rugby tag for the rugby task
"
k40092ae,1,1,1,
k42524cm,1,1,1,
k47680dm,1,1,1,
k63434dr,0,0,0,No files were created within the results folder. (This does not mean files were not created elsewhere)
k71182kt,1,1,1,
k73092al,0,0,0,No files were created within the results folder. (This does not mean files were not created elsewhere)
k74082yd,1,1,1,
k75018lg,0,0,0,No files were created within the results folder. (This does not mean files were not created elsewhere)
k77872uk,1,1,1,
k78886jb,0,0,0,"No submission was found under the prog1_rugby tag for the rugby task
"
k88166nd,0,0,0,"No submission was found under the prog1_rugby tag for the rugby task
"
k92160ym,0,0,0,"No submission was found under the prog1_rugby tag for the rugby task
"
k96010wp,0,0,0,No files were created within the results folder. (This does not mean files were not created elsewhere)
k98956fm,0,0,0,"No submission was found under the prog1_rugby tag for the rugby task
"
m01964ua,0,0,0,No files were created within the results folder. (This does not mean files were not created elsewhere)
m03777am,0,0,0,"No submission was found under the prog1_rugby tag for the rugby task
"
m08320mm,1,1,1,
m09857ly,1,1,1,
m17324sg,0,0,0,No files were created within the results folder. (This does not mean files were not created elsewhere)
m17832wa,1,1,1,
m18453ab,1,1,1,
m19364tg,1,1,1,
m25334kg,1,1,1,
m26025tz,0,0,0,"No submission was found under the prog1_rugby tag for the rugby task
"
m31181jg,0,0,0,No files were created within the results folder. (This does not mean files were not created elsewhere)
m31234gv,0,0,0,"No submission was found under the prog1_rugby tag for the rugby task
"
m32784sh,1,1,1,
m36036zz,1,1,1,
m38874oo,0,0,0,"No submission was found under the prog1_rugby tag for the rugby task
"
m42552rh,1,1,1,
m42677js,0,0,0,No files were created within the results folder. (This does not mean files were not created elsewhere)
m43369as,0,0,0,"No submission was found under the prog1_rugby tag for the rugby task
"
m46198sa,0,0,0,"Output files were found however no output file was found for test_file 1 with the correct name format
 Output files were found however no output file was found for test_file 2 with the correct name format
 Output files were found however no output file was found for test_file 3 with the correct name format
"
m46757sz,1,1,1,
m50747jh,1,1,1,
m55182va,1,1,1,
m56135cw,1,1,1,
m57983ma,0,0,0,"No submission was found under the prog1_rugby tag for the rugby task
"
m59511md,0,0,0,No files were created within the results folder. (This does not mean files were not created elsewhere)
m60493kw,1,1,1,
m65577ha,1,1,1,
m65670fa,0,0,0,"Output files were found however no output file was found for test_file 1 with the correct name format
 Output files were found however no output file was found for test_file 2 with the correct name format
 Output files were found however no output file was found for test_file 3 with the correct name format
"
m73289ls,0,0,0,No files were created within the results folder. (This does not mean files were not created elsewhere)
m73648ak,0,0,0,"No submission was found under the prog1_rugby tag for the rugby task
"
m78355ls,0,0,0,"No submission was found under the prog1_rugby tag for the rugby task
"
m83653ns,1,1,1,
m84249pk,1,1,1,
m85559mk,1,1,1,
m92824cm,0,0,0,No files were created within the results folder. (This does not mean files were not created elsewhere)
n03227rm,1,1,1,
n05919ah,1,1,1,
n07219hm,0,0,0,No files were created within the results folder. (This does not mean files were not created elsewhere)
n20773yz,1,1,1,
n20851ew,0,0,0,No files were created within the results folder. (This does not mean files were not created elsewhere)
n25359ec,1,1,1,
n35081bw,0,0,0,"No submission was found under the prog1_rugby tag for the rugby task
"
n37169dk,1,1,1,
n38595ae,0,0,0,"No submission was found under the prog1_rugby tag for the rugby task
"
n39349ch,0,0,0,"No submission was found under the prog1_rugby tag for the rugby task
"
n50699mm,0,0,0,"No submission was found under the prog1_rugby tag for the rugby task
"
n54133hu,1,1,1,
n58949ah,1,1,1,
n61655sb,1,1,1,
n62189sd,1,1,1,
n66033ai,1,1,1,
n66837sm,0,0,0,"No submission was found under the prog1_rugby tag for the rugby task
"
n72421tn,1,1,1,
n79777aa,1,1,1,
n80569fh,1,1,1,
n86739dg,0,0,0,"Output files were found however no output file was found for test_file 1 with the correct name format
 Output files were found however no output file was found for test_file 2 with the correct name format
 Output files were found however no output file was found for test_file 3 with the correct name format
"
n91131bw,0,0,0,No files were created within the results folder. (This does not mean files were not created elsewhere)
n91491mh,0,0,0,"No submission was found under the prog1_rugby tag for the rugby task
"
n95301jf,0,0,0,"Output files were found however no output file was found for test_file 1 with the correct name format
 Output files were found however no output file was found for test_file 2 with the correct name format
 Output files were found however no output file was found for test_file 3 with the correct name format
"
n95835ce,0,0,0,"No submission was found under the prog1_rugby tag for the rugby task
"
n96249ty,1,1,1,
p00331rx,1,1,1,
p01679ma,0,0,0,No files were created within the results folder. (This does not mean files were not created elsewhere)
p06411ua,0,0,0,No files were created within the results folder. (This does not mean files were not created elsewhere)
p07229sl,0,0,0,"No submission was found under the prog1_rugby tag for the rugby task
"
p15748aa,1,1,1,
p17128xt,0,0,0,No files were created within the results folder. (This does not mean files were not created elsewhere)
p17498jw,1,1,1,
p17540oa,0,0,0,"No submission was found under the prog1_rugby tag for the rugby task
"
p23525lg,1,1,1,
p29365al,0,0,0,"Score output for test_file 1 was incorrect
 Score output for test_file 2 was incorrect
 Score output for test_file 3 was incorrect
"
p31278rh,0,0,0,"No submission was found under the prog1_rugby tag for the rugby task
"
p33067ay,1,1,1,
p34378lt,1,1,1,
p35799ap,1,1,1,
p37429am,1,1,1,
p37736sm,0,0,0,"No submission was found under the prog1_rugby tag for the rugby task
"
p40515mt,1,1,1,
p44469aq,0,0,0,"No submission was found under the prog1_rugby tag for the rugby task
"
p44797jb,1,1,1,
p48652gh,1,1,1,
p49111md,0,0,0,"No submission was found under the prog1_rugby tag for the rugby task
"
p49263ca,0,0,0,"No submission was found under the prog1_rugby tag for the rugby task
"
p50391tc,0,0,0,"No submission was found under the prog1_rugby tag for the rugby task
"
p50792sd,1,1,1,
p52048kg,1,1,1,
p53237kh,0,0,0,"No submission was found under the prog1_rugby tag for the rugby task
"
p55643na,1,1,1,
p56273gd,1,1,1,
p56781ng,1,1,1,
p61761ay,0,0,0,No files were created within the results folder. (This does not mean files were not created elsewhere)
p62312tu,0,0,0,"No submission was found under the prog1_rugby tag for the rugby task
"
p67189ml,1,1,1,
p68686gl,0,0,0,"No submission was found under the prog1_rugby tag for the rugby task
"
p70810yk,0,0,0,"No submission was found under the prog1_rugby tag for the rugby task
"
p72426yp,1,1,1,
p72470id,0,0,0,"No submission was found under the prog1_rugby tag for the rugby task
"
p73848hs,0,0,0,"No submission was found under the prog1_rugby tag for the rugby task
"
p75341vk,1,1,1,
p76722cz,0,0,0,"No submission was found under the prog1_rugby tag for the rugby task
"
p80249ra,0,0,0,"Output files were found however no output file was found for test_file 1 with the correct name format
 Output files were found however no output file was found for test_file 2 with the correct name format
 Output files were found however no output file was found for test_file 3 with the correct name format
"
p80873ab,1,1,1,
p86963sp,0,0,0,No files were created within the results folder. (This does not mean files were not created elsewhere)
p91607ma,1,1,1,
p93899aa,1,1,1,
p94302hm,0,0,0,No files were created within the results folder. (This does not mean files were not created elsewhere)
p94886ms,0,0,0,No files were created within the results folder. (This does not mean files were not created elsewhere)
p96457dw,0,0,0,No files were created within the results folder. (This does not mean files were not created elsewhere)
p98424rp,0,0,0,No files were created within the results folder. (This does not mean files were not created elsewhere)
p99614sy,0,0,0,"No submission was found under the prog1_rugby tag for the rugby task
"
q00848wh,1,1,1,
q02710ts,0,0,0,"No submission was found under the prog1_rugby tag for the rugby task
"
q05506bb,0,0,0,"No submission was found under the prog1_rugby tag for the rugby task
"
q08386js,1,1,1,
q10556rn,1,1,1,
q16332rs,0,0,0,"No submission was found under the prog1_rugby tag for the rugby task
"
q17766yl,1,1,1,
q18662ac,1,1,1,
q22650aj,0,0,0,No files were created within the results folder. (This does not mean files were not created elsewhere)
q26752aa,0,0,0,No files were created within the results folder. (This does not mean files were not created elsewhere)
q36172hw,0,0,0,"No submission was found under the prog1_rugby tag for the rugby task
"
q44958jp,1,1,1,
q50676ep,0,0,0,"Output files were found however no output file was found for test_file 1 with the correct name format
 Output files were found however no output file was found for test_file 2 with the correct name format
 Output files were found however no output file was found for test_file 3 with the correct name format
"
q53226rb,1,1,1,
q57044nc,0,0,0,"Score output for test_file 1 was incorrect
 Score output for test_file 2 was incorrect
 Score output for test_file 3 was incorrect
"
q66122my,0,0,0,"No submission was found under the prog1_rugby tag for the rugby task
"
q77644po,1,1,1,
q78216ae,1,1,1,
q78608sd,0,0,0,No files were created within the results folder. (This does not mean files were not created elsewhere)
q83438yw,1,1,1,
q86352bb,1,1,1,
q89254rn,1,1,1,
q90172mh,0,0,0,"No submission was found under the prog1_rugby tag for the rugby task
"
q94072jl,0,0,0,"No submission was found under the prog1_rugby tag for the rugby task
"
q96128lf,0,0,0,"No submission was found under the prog1_rugby tag for the rugby task
"
r00979hl,1,1,1,
r07539ym,0,0,0,No files were created within the results folder. (This does not mean files were not created elsewhere)
r21857jl,1,1,1,
r22997aa,0,0,0,"Score output for test_file 1 was incorrect
 Score output for test_file 2 was incorrect
 Score output for test_file 3 was incorrect
"
r25329lc,1,1,1,
r27125bw,1,1,1,
r27413tj,0,0,0,No files were created within the results folder. (This does not mean files were not created elsewhere)
r42421yz,0,0,0,No files were created within the results folder. (This does not mean files were not created elsewhere)
r46739lt,1,1,1,
r50263ma,1,1,1,
r56325cc,0,0,0,"No submission was found under the prog1_rugby tag for the rugby task
"
r56677rp,1,1,1,
r61875lj,1,1,1,
r77503bd,0,0,0,"No submission was found under the prog1_rugby tag for the rugby task
"
r82969js,1,1,1,
r83187jc,1,1,1,
r85193di,0,0,0,No files were created within the results folder. (This does not mean files were not created elsewhere)
r86515xl,1,1,1,
r88993ia,1,1,1,
r89835eb,1,1,1,
r94627as,1,1,1,
s03884aa,0,0,0,No files were created within the results folder. (This does not mean files were not created elsewhere)
s09672ba,0,0,0,"No submission was found under the prog1_rugby tag for the rugby task
"
s11642lf,1,1,1,
s13496vg,0,0,0,"No submission was found under the prog1_rugby tag for the rugby task
"
s13506jc,1,1,1,
s23522ym,1,1,1,
s29576tb,0,0,0,No files were created within the results folder. (This does not mean files were not created elsewhere)
s42704jp,0,0,0,No files were created within the results folder. (This does not mean files were not created elsewhere)
s50172ey,0,0,0,"No submission was found under the prog1_rugby tag for the rugby task
"
s50548ma,1,1,1,
s55264aa,1,1,1,
s56124at,1,1,1,
s58860aa,1,1,1,
s62508as,1,1,1,
s63644vb,1,1,1,
s65422mt,1,1,1,
s68250ma,1,1,1,
s74996sa,0,0,0,No files were created within the results folder. (This does not mean files were not created elsewhere)
s78014sh,1,1,1,
s78866kz,0,0,0,"No submission was found under the prog1_rugby tag for the rugby task
"
s79104mh,0,0,0,"No submission was found under the prog1_rugby tag for the rugby task
"
s80648sh,0,0,0,No files were created within the results folder. (This does not mean files were not created elsewhere)
s86124sy,0,0,0,No files were created within the results folder. (This does not mean files were not created elsewhere)
s89582ph,0,0,0,"No submission was found under the prog1_rugby tag for the rugby task
"
s93700yl,1,1,1,
s94292yy,0,0,0,No files were created within the results folder. (This does not mean files were not created elsewhere)
t02231ss,1,1,1,
t09329lw,1,1,1,
t17981qx,1,1,1,
t28063tz,1,1,1,
t28107tj,1,1,1,
t30023mm,0,0,0,"No submission was found under the prog1_rugby tag for the rugby task
"
t50885aa,1,1,1,
t56091yd,0,0,0,No files were created within the results folder. (This does not mean files were not created elsewhere)
t56225ro,0,0,0,"No submission was found under the prog1_rugby tag for the rugby task
"
t56563bk,1,1,1,
t74769sm,1,1,1,
t92001cr,0,0,0,No files were created within the results folder. (This does not mean files were not created elsewhere)
u00074aj,0,0,0,"No submission was found under the prog1_rugby tag for the rugby task
"
u08120fh,1,1,1,
u18382zh,1,1,1,
u18436re,0,0,0,"No submission was found under the prog1_rugby tag for the rugby task
"
u24264cw,1,1,1,
u25144jd,0,0,0,No files were created within the results folder. (This does not mean files were not created elsewhere)
u34592sg,0,0,0,No files were created within the results folder. (This does not mean files were not created elsewhere)
u35610df,1,1,1,
u38012ek,1,1,1,
u43534sr,0,0,0,No files were created within the results folder. (This does not mean files were not created elsewhere)
u49728rt,1,1,1,
u50490yz,0,0,0,"No submission was found under the prog1_rugby tag for the rugby task
"
u54258as,0,0,0,"No submission was found under the prog1_rugby tag for the rugby task
"
u59286dh,0,0,0,"No submission was found under the prog1_rugby tag for the rugby task
"
u60328el,0,0,0,"No submission was found under the prog1_rugby tag for the rugby task
"
u60770mc,0,0,0,"No submission was found under the prog1_rugby tag for the rugby task
"
u61944rf,0,0,0,"No submission was found under the prog1_rugby tag for the rugby task
"
u63378mr,0,0,0,"No submission was found under the prog1_rugby tag for the rugby task
"
u68780be,1,1,1,
u71922pz,0,0,0,"No submission was found under the prog1_rugby tag for the rugby task
"
u75904yl,1,1,1,
u81076nr,0,0,0,"No submission was found under the prog1_rugby tag for the rugby task
"
u82766jh,0,0,0,No files were created within the results folder. (This does not mean files were not created elsewhere)
u89014ab,0,0,0,"No submission was found under the prog1_rugby tag for the rugby task
"
u95206ma,1,1,1,
v04109yk,0,0,0,"No submission was found under the prog1_rugby tag for the rugby task
"
v08387yx,1,1,1,
v08417jw,0,0,0,"No submission was found under the prog1_rugby tag for the rugby task
"
v12433ak,1,1,1,
v14799cc,1,1,1,
v21023jh,1,1,1,
v26161ns,1,1,1,
v30867dh,0,0,0,No files were created within the results folder. (This does not mean files were not created elsewhere)
v31903mb,1,1,1,
v35117sy,0,0,0,"Score output for test_file 1 was incorrect
 Score output for test_file 2 was incorrect
 Score output for test_file 3 was incorrect
"
v35417sp,1,1,1,
v36373bb,1,1,1,
v41567lb,1,1,1,
v54835xw,0,0,0,"Output files were found however no output file was found for test_file 1 with the correct name format
 Output files were found however no output file was found for test_file 2 with the correct name format
 Output files were found however no output file was found for test_file 3 with the correct name format
"
v55941np,0,0,0,No files were created within the results folder. (This does not mean files were not created elsewhere)
v63881oq,0,0,0,No files were created within the results folder. (This does not mean files were not created elsewhere)
v65391yc,1,1,1,
v74211xw,0,0,0,"No submission was found under the prog1_rugby tag for the rugby task
"
v78159ee,0,0,0,"No submission was found under the prog1_rugby tag for the rugby task
"
v78643ld,1,1,1,
v79907sy,0,0,0,No files were created within the results folder. (This does not mean files were not created elsewhere)
v80015aa,1,1,1,
v91365dg,1,1,1,
v94579az,1,1,1,
v96969ss,0,0,0,"Output files were found however no output file was found for test_file 1 with the correct name format
 Output files were found however no output file was found for test_file 2 with the correct name format
 Output files were found however no output file was found for test_file 3 with the correct name format
"
v97159is,0,0,0,No files were created within the results folder. (This does not mean files were not created elsewhere)
w13634ps,1,1,1,
w15122jl,1,1,1,
w16910dg,1,1,1,
w21706bc,1,1,1,
w24218sh,0,0,0,"No submission was found under the prog1_rugby tag for the rugby task
"
w25464il,0,0,0,"Score output for test_file 1 was incorrect
 Score output for test_file 2 was incorrect
 Score output for test_file 3 was incorrect
"
w25478ia,1,1,1,
w27888ms,1,1,1,
w39362nv,0,0,0,"No submission was found under the prog1_rugby tag for the rugby task
"
w48678cd,1,1,1,
w58006bh,0,0,0,"No submission was found under the prog1_rugby tag for the rugby task
"
w60078be,1,1,1,
w64810ak,0,0,0,No files were created within the results folder. (This does not mean files were not created elsewhere)
w65214ka,1,1,1,
w73862jb,1,1,1,
w75724sb,0,0,0,"No submission was found under the prog1_rugby tag for the rugby task
"
w80290jl,1,1,1,
w90012gt,0,0,0,No files were created within the results folder. (This does not mean files were not created elsewhere)
w92704dw,1,1,1,
x09137dp,1,1,1,
x12691yl,0,0,0,"No submission was found under the prog1_rugby tag for the rugby task
"
x28381ot,0,0,0,"Output files were found however no output file was found for test_file 1 with the correct name format
 Output files were found however no output file was found for test_file 2 with the correct name format
 Output files were found however no output file was found for test_file 3 with the correct name format
"
x32001nm,0,0,0,No files were created within the results folder. (This does not mean files were not created elsewhere)
x33731ed,0,0,0,No files were created within the results folder. (This does not mean files were not created elsewhere)
x36049yl,1,1,1,
x43615kc,1,1,1,
x43881he,1,1,1,
x46833ng,0,0,0,"No submission was found under the prog1_rugby tag for the rugby task
"
x47813as,0,0,0,"No submission was found under the prog1_rugby tag for the rugby task
"
x48913aw,1,1,1,
x57595ts,0,0,0,No files were created within the results folder. (This does not mean files were not created elsewhere)
x62165ih,1,1,1,
x62967rr,1,1,1,
x63917cd,1,1,1,
x67955hw,0,0,0,"No submission was found under the prog1_rugby tag for the rugby task
"
x69739wx,0,0,0,"No submission was found under the prog1_rugby tag for the rugby task
"
x72017ww,0,0,0,"No submission was found under the prog1_rugby tag for the rugby task
"
x74657fa,1,1,1,
x81829rs,0,0,0,"No submission was found under the prog1_rugby tag for the rugby task
"
x83363dr,0,0,0,"Output files were found however no output file was found for test_file 1 with the correct name format
 Output files were found however no output file was found for test_file 2 with the correct name format
 Output files were found however no output file was found for test_file 3 with the correct name format
"
x97151hs,0,0,0,"No submission was found under the prog1_rugby tag for the rugby task
"
y02478jh,1,1,1,
y10240dt,1,1,1,
y28244lw,1,1,1,
y35654gw,1,1,1,
y36340hc,1,1,1,
y40034sl,0,0,0,"No submission was found under the prog1_rugby tag for the rugby task
"
y41988al,0,0,0,No files were created within the results folder. (This does not mean files were not created elsewhere)
y42270sg,1,1,1,
y44694jk,1,1,1,
y44780cs,0,0,0,"No submission was found under the prog1_rugby tag for the rugby task
"
y45718mk,0,0,0,No files were created within the results folder. (This does not mean files were not created elsewhere)
y47496ms,1,1,1,
y48052as,0,0,0,No files were created within the results folder. (This does not mean files were not created elsewhere)
y48410ap,1,1,1,
y55496ks,0,0,0,No files were created within the results folder. (This does not mean files were not created elsewhere)
y55928xn,0,0,0,No files were created within the results folder. (This does not mean files were not created elsewhere)
y57776rs,1,1,1,
y59276ma,1,1,1,
y59426ra,0,0,0,"No submission was found under the prog1_rugby tag for the rugby task
"
y60150st,0,0,0,"No submission was found under the prog1_rugby tag for the rugby task
"
y62498rh,1,1,1,
y65306ws,0,0,0,No files were created within the results folder. (This does not mean files were not created elsewhere)
y66466tl,0,0,0,"Output files were found however no output file was found for test_file 1 with the correct name format
 Output files were found however no output file was found for test_file 2 with the correct name format
 Output files were found however no output file was found for test_file 3 with the correct name format
"
y67506st,1,1,1,
y69004la,1,1,1,
y70582kd,1,1,1,
y72828ah,1,1,1,
y77372db,1,1,1,
y78202oa,1,1,1,
y96758ma,0,0,0,No files were created within the results folder. (This does not mean files were not created elsewhere)
y99614zh,1,1,1,
z03463sy,0,0,0,"No submission was found under the prog1_rugby tag for the rugby task
"
z12203pg,0,0,0,"No submission was found under the prog1_rugby tag for the rugby task
"
z13325aw,1,1,1,
z16075sc,0,0,0,No files were created within the results folder. (This does not mean files were not created elsewhere)
z34983bo,1,1,1,
z35437sk,0,0,0,"Score output for test_file 1 was incorrect
 Score output for test_file 2 was incorrect
 Score output for test_file 3 was incorrect
"
z39535rb,1,1,1,
z49927gl,1,1,1,
z53195cy,0,0,0,No files were created within the results folder. (This does not mean files were not created elsewhere)
z54873hs,1,1,1,
z70469ai,0,0,0,"No submission was found under the prog1_rugby tag for the rugby task
"
z70503ns,0,0,0,"No submission was found under the prog1_rugby tag for the rugby task
"
z74185ho,1,1,1,
z80559hq,0,0,0,"No submission was found under the prog1_rugby tag for the rugby task
"
z83313gg,0,0,0,No files were created within the results folder. (This does not mean files were not created elsewhere)
z89079mb,1,1,1,
z90677pp,1,1,1,
