x72017ww,0,0,0,['No submission was found under the prog1_rugby tag for the rugby task\n']
x72017ww,0,0,0,['No submission was found under the prog1_rugby tag for the rugby task\n']
x72017ww,0,0,0,['No submission was found under the prog1_rugby tag for the rugby task\n']
x72017ww,0,0,0,['No submission was found under the prog1_rugby tag for the rugby task\n']
x72017ww,0,0,0,['No submission was found under the prog1_rugby tag for the rugby task\n']
x72017ww,0,0,0,['No submission was found under the prog1_rugby tag for the rugby task\n']
x72017ww,0,0,0,['No submission was found under the prog1_rugby tag for the rugby task\n']
x72017ww,0,0,0,['No submission was found under the prog1_rugby tag for the rugby task\n']
x72017ww,0,0,0,['No submission was found under the prog1_rugby tag for the rugby task\n']
