h20233aa,0,0,0,['No submission was found under the prog1_rugby tag for the rugby task\n']
h20233aa,0,0,0,['No submission was found under the prog1_rugby tag for the rugby task\n']
h20233aa,0,0,0,['No submission was found under the prog1_rugby tag for the rugby task\n']
h20233aa,0,0,0,['No submission was found under the prog1_rugby tag for the rugby task\n']
h20233aa,0,0,0,['No submission was found under the prog1_rugby tag for the rugby task\n']
h20233aa,0,0,0,['No submission was found under the prog1_rugby tag for the rugby task\n']
h20233aa,0,0,0,['No submission was found under the prog1_rugby tag for the rugby task\n']
h20233aa,0,0,0,['No submission was found under the prog1_rugby tag for the rugby task\n']
h20233aa,0,0,0,['No submission was found under the prog1_rugby tag for the rugby task\n']
